fluid,topo,case,Re,source,G,cF_meas,darcy_frac,A_used
air,Diamond,工况2,916.7976264300595,experiments/water_air/water-air_D7-t0p6_experiment_water-straight_20260609.xlsx,7.2727272727272725,431.1060799713939,0.12912147746682656,0.000594
air,Diamond,工况3,1365.6343461013616,experiments/water_air/water-air_D7-t0p6_experiment_water-straight_20260609.xlsx,10.90909090909091,457.80285723614423,0.08569882778190922,0.000594
air,Diamond,工况4,1815.5714407967805,experiments/water_air/water-air_D7-t0p6_experiment_water-straight_20260609.xlsx,14.545454545454545,467.73650435875317,0.06455114834898168,0.000594
air,Diamond,工况5,2266.732921935153,experiments/water_air/water-air_D7-t0p6_experiment_water-straight_20260609.xlsx,18.181818181818183,460.218692032284,0.05318614729334342,0.000594
air,Diamond,工况6,2708.187048280329,experiments/water_air/water-air_D7-t0p6_experiment_water-straight_20260609.xlsx,21.81818181818182,452.2102631855562,0.04566468421281712,0.000594
air,Diamond,工况7,3153.7640748957333,experiments/water_air/water-air_D7-t0p6_experiment_water-straight_20260609.xlsx,25.454545454545453,444.3343881272403,0.04013910690443498,0.000594
air,Diamond,工况8,3608.8047922956894,experiments/water_air/water-air_D7-t0p6_experiment_water-straight_20260609.xlsx,29.09090909090909,434.6716806073655,0.03601185482611747,0.000594
air,Diamond,工况9,4037.7532420233974,experiments/water_air/water-air_D7-t0p6_experiment_water-straight_20260609.xlsx,32.72727272727273,431.39699303682346,0.03254704047995005,0.000594
air,Diamond,工况12,5376.63108142294,experiments/water_air/water-air_D7-t0p6_experiment_water-straight_20260609.xlsx,43.63636363636364,419.7383975196506,0.0253090889732777,0.000594
air,Diamond,工况13,5805.114393549947,experiments/water_air/water-air_D7-t0p6_experiment_water-straight_20260609.xlsx,47.272727272727266,418.0001991782434,0.02358021892485084,0.000594
air,Diamond,工况14,6259.46463853593,experiments/water_air/water-air_D7-t0p6_experiment_water-straight_20260609.xlsx,50.90909090909091,421.6476843513525,0.02172073286187212,0.000594
air,Diamond,工况15,6740.392670147788,experiments/water_air/water-air_D7-t0p6_experiment_water-straight_20260609.xlsx,54.545454545454554,425.1230135399785,0.02004042294977679,0.000594
air,Diamond,工况16,7221.7597013040995,experiments/water_air/water-air_D7-t0p6_experiment_water-straight_20260609.xlsx,58.18181818181818,430.7691718373513,0.018488692238734127,0.000594
air,Diamond,工况17,7714.110678153627,experiments/water_air/water-air_D7-t0p6_experiment_water-straight_20260609.xlsx,61.81818181818182,433.49306193897075,0.017222091944206087,0.000594
air,Diamond,工况18,8196.014122824838,experiments/water_air/water-air_D7-t0p6_experiment_water-straight_20260609.xlsx,65.45454545454545,439.71021967903164,0.016000159250088093,0.000594
water,Diamond,工况1,41.96779000098739,,13.933939393939395,3742.772431020379,0.2717044125035707,0.000594
water,Diamond,工况2,86.09195823782336,,28.057912457912458,1695.6625160805293,0.2864368751505262,0.000594
water,Diamond,工况3,128.02307535248602,,41.63973063973064,1790.9152940128852,0.20355845281072363,0.000594
water,Diamond,工况4,178.72867199902615,,55.97609427609428,1545.1766907657286,0.17504723017027798,0.000594
water,Diamond,工况5,223.23002695366938,,69.92121212121212,1530.1622462116206,0.1464350425459967,0.000594
water,Diamond,工况6,289.023041789104,,83.67070707070707,1742.4569861307411,0.10423167194306483,0.000594
water,Diamond,工况7,352.05845147388686,,97.92323232323233,1475.6306916513713,0.10136529060180097,0.000594
water,Diamond,工况8,402.1028011561603,,111.56094276094275,1419.9190746774107,0.09308203076169952,0.000594
water,Diamond,工况9,486.79829920900113,,125.7016835016835,1338.3605613314248,0.08252239509622618,0.000594
water,Diamond,工况12,629.904312382586,,167.2855218855219,1135.9841980702515,0.07569496325580069,0.000594
water,Diamond,工况13,726.3521440359916,,181.3144781144781,1136.6170826987075,0.06627590959080343,0.000594
water,Diamond,工况14,816.6809960795766,,196.74074074074073,1136.3879882574709,0.05939202165107927,0.000594
water,Diamond,工况15,871.5846960791782,,210.6579124579125,1138.8214436052813,0.05574702119604324,0.000594
water,Diamond,工况16,954.4952229019523,,223.4851851851852,1163.5538303612195,0.0501195589524487,0.000594
water,Diamond,工况17,1010.976826313706,,237.48619528619525,1142.0410774849438,0.04830302163537558,0.000594
water,Diamond,工况18,1101.8500893745047,,251.37542087542087,1149.9232971841348,0.0442050496245864,0.000594
sco2,Diamond,1,9789.190266872334,,81.61434625030469,1911.3199907816008,0.003122318164720377,0.0005935859999999999
sco2,Diamond,2,14675.363506222304,,124.54655105121688,1448.2318825287325,0.002749746375654863,0.0005935859999999999
sco2,Diamond,3,19691.62343400869,,166.40829273305224,1493.4891765583307,0.001988691032070452,0.0005935859999999999
sco2,Diamond,4,24518.253125100426,,209.37030457119175,1449.40821500944,0.001646340363099668,0.0005935859999999999
sco2,Diamond,5,30171.13829746202,,251.47142671938627,1586.1728661758625,0.0012230430852840427,0.0005935859999999999
sco2,Diamond,6,35154.293724460185,,298.19582848587925,1499.61035287542,0.0011103915356103574,0.0005935859999999999
sco2,Diamond,7,40847.70195087056,,341.04444705624246,1485.0102431853493,0.000965159324465688,0.0005935859999999999
sco2,Diamond,8,9731.765771078788,,81.76810902195263,1584.0656452183043,0.0037870654238277403,0.0005935859999999999
sco2,Diamond,9,14674.797802692274,,125.44850098507021,1515.8413547160715,0.002627525597295442,0.0005935859999999999
sco2,Diamond,10,19309.620863506912,,167.23339492640386,1537.333193348526,0.0019702312304180447,0.0005935859999999999
sco2,Diamond,11,24250.646308226787,,207.7671874226318,1546.24859076036,0.0015603952506031268,0.0005935859999999999
sco2,Diamond,12,28984.873601998952,,251.1448366837793,1509.363105343563,0.0013377315051476498,0.0005935859999999999
sco2,Diamond,13,34553.2426909075,,295.7705898370773,1464.3665044513193,0.0011568422900773484,0.0005935859999999999
sco2,Diamond,14,9331.652222419762,,81.35440076641524,1379.6526319650093,0.004531216379476301,0.0005935859999999999
sco2,Diamond,15,14059.986116854892,,124.96447950740054,1425.206170279015,0.0029159805606896326,0.0005935859999999999
sco2,Diamond,16,18871.078258061083,,166.29179325684382,1521.633945377543,0.002036681549661251,0.0005935859999999999
sco2,Diamond,17,23381.702502593664,,208.77089980783467,1526.8113551017223,0.0016388590793959682,0.0005935859999999999
sco2,Diamond,18,28223.264441620937,,251.2984436046212,1516.9350399445518,0.0013669328127449986,0.0005935859999999999
sco2,Diamond,19,34407.501693557635,,297.23396705553614,1477.232900512935,0.0011516298370078764,0.0005935859999999999
sco2,Diamond,20,9031.677576274667,,81.64320028397012,1550.3538782402375,0.004167756841104428,0.0005935859999999999
sco2,Diamond,21,13901.103663450118,,125.0664190843391,1464.425588118715,0.002870453059079022,0.0005935859999999999
sco2,Diamond,22,18411.51448807646,,166.78011033687363,1465.6008293088505,0.002167045755165989,0.0005935859999999999
sco2,Diamond,23,22862.381952408632,,207.17634259522046,1512.9218090528705,0.0016913843748910167,0.0005935859999999999
sco2,Diamond,24,27847.88669287886,,250.83876634610235,1498.1886954907138,0.001402642867856112,0.0005935859999999999
sco2,Diamond,25,9464.187678249797,,81.90475993772046,1965.6777303865053,0.0031401752520731504,0.0005935859999999999
sco2,Diamond,26,14278.562844165277,,125.54394138686479,1590.5312844753864,0.002573768770104854,0.0005935859999999999
sco2,Diamond,27,18894.33353352363,,166.50658043937926,1579.8626396783839,0.0019593534086135827,0.0005935859999999999
sco2,Diamond,28,23727.79079163538,,208.25712377295878,1575.6868240547287,0.0015649773382316171,0.0005935859999999999
sco2,Diamond,29,28316.26697515534,,251.37445754627325,1548.1938639617315,0.0013349775229801195,0.0005935859999999999
sco2,Diamond,30,32513.14460557691,,289.25040299456884,1505.2420323517122,0.0011959978960489474,0.0005935859999999999
sco2,Diamond,31,9179.062892214988,,81.7997337667613,1882.8411687400633,0.0033793510135579504,0.0005935859999999999
sco2,Diamond,32,13852.815149067681,,125.61126265869099,1574.8009639474053,0.0026790860917449634,0.0005935859999999999
sco2,Diamond,33,18190.083883164138,,167.79975990010018,1558.9523445459054,0.0020622976356386214,0.0005935859999999999
sco2,Diamond,34,23534.697973432416,,217.99452524804988,1542.526530360945,0.0016116609483057417,0.0005935859999999999
sco2,Diamond,35,27197.278648104984,,251.6512730705107,1540.4075481433822,0.0013968420510380543,0.0005935859999999999
sco2,Diamond,36,33720.12301674121,,297.57264285269844,1501.5419409626677,0.0011560762219950164,0.0005935859999999999
sco2,Diamond,37,8939.609650115377,,81.86132440979254,1733.5344570973348,0.0037672568560355437,0.0005935859999999999
sco2,Diamond,38,13493.80387825262,,125.59166581667117,1598.6680207425081,0.002709221892279529,0.0005935859999999999
sco2,Diamond,39,17899.462754486376,,166.93042016906304,1577.3888913590483,0.002071267579766461,0.0005935859999999999
sco2,Diamond,40,22332.33614737783,,208.69315548369826,1560.106707580498,0.0016791794968803832,0.0005935859999999999
sco2,Diamond,41,27107.46035295389,,251.39055527154312,1555.8920267666333,0.0013875356505040947,0.0005935859999999999
sco2,Diamond,42,9010.181735124577,,81.6736511934457,1496.7224613742057,0.004326706994561543,0.0005935859999999999
sco2,Diamond,43,13655.221240745752,,125.44583074548407,1484.7001230654844,0.0028822021458159803,0.0005935859999999999
sco2,Diamond,44,18291.306107611745,,166.03359478037618,1536.0581070878136,0.0020814127174180316,0.0005935859999999999
sco2,Diamond,45,22577.091451323962,,209.15766546971108,1549.7118154541404,0.0016721287496632312,0.0005935859999999999
sco2,Diamond,46,26984.639111537854,,251.32467680585702,1550.804808827802,0.0013984081783548724,0.0005935859999999999
sco2,Diamond,47,8790.95679966697,,81.62781693011256,1647.7062928849264,0.004029452162428137,0.0005935859999999999
sco2,Diamond,48,13306.812488501982,,124.35011757165586,1522.2905215780604,0.002884624496012968,0.0005935859999999999
sco2,Diamond,49,17515.848564456533,,165.88715851080528,1563.423688485604,0.0021353998150507526,0.0005935859999999999
sco2,Diamond,50,21797.257822236545,,208.3322922173956,1565.5248430555323,0.0017143853328812522,0.0005935859999999999
sco2,Diamond,51,26826.311550497852,,251.1442582646398,1569.0623226235198,0.0013903049678647933,0.0005935859999999999
air,Gyroid,工况2,861.6598370242058,experiments/water_air/water-air_G7-t0p6_shanghai_experiment_20260401.xlsx,7.005892911800243,532.3919966091122,0.09542785064000922,0.00065
air,Gyroid,工况3,1275.4125428416346,experiments/water_air/water-air_G7-t0p6_shanghai_experiment_20260401.xlsx,10.508839367700363,529.8480145728887,0.06682807737181773,0.00065
air,Gyroid,工况4,1699.2797828574196,experiments/water_air/water-air_G7-t0p6_shanghai_experiment_20260401.xlsx,14.011785823600485,523.8369782197532,0.05156396465048912,0.00065
air,Gyroid,工况5,2536.370618396681,experiments/water_air/water-air_G7-t0p6_shanghai_experiment_20260401.xlsx,21.017678735400725,506.33429053214576,0.036314862637183684,0.00065
air,Gyroid,工况6,3364.108908620138,experiments/water_air/water-air_G7-t0p6_shanghai_experiment_20260401.xlsx,28.02357164720097,513.5416161284312,0.027249288382501995,0.00065
air,Gyroid,工况7,3787.425311914898,experiments/water_air/water-air_G7-t0p6_shanghai_experiment_20260401.xlsx,31.52651810310109,520.9556455101317,0.02394036811196805,0.00065
air,Gyroid,工况8,4289.004151977361,experiments/water_air/water-air_G7-t0p6_shanghai_experiment_20260401.xlsx,35.029464559001205,524.5642843792048,0.021057238378907266,0.00065
air,Gyroid,工况9,4748.844020631761,experiments/water_air/water-air_G7-t0p6_shanghai_experiment_20260401.xlsx,38.53241101490133,531.981839962444,0.018796359258142405,0.00065
air,Gyroid,工况10,5223.192405741122,experiments/water_air/water-air_G7-t0p6_shanghai_experiment_20260401.xlsx,42.03535747080145,535.837142734683,0.016997501248508212,0.00065
air,Gyroid,工况11,5701.618344941314,experiments/water_air/water-air_G7-t0p6_shanghai_experiment_20260401.xlsx,45.538303926701566,535.8674036889695,0.015592605194996917,0.00065
air,Gyroid,工况12,6174.729324890572,experiments/water_air/water-air_G7-t0p6_shanghai_experiment_20260401.xlsx,49.041250382601696,530.0613727868681,0.014570708976170148,0.00065
air,Gyroid,工况13,6635.095586832927,experiments/water_air/water-air_G7-t0p6_shanghai_experiment_20260401.xlsx,52.54419683850181,523.9226119916632,0.013730319852542448,0.00065
air,Gyroid,工况14,7116.113038919247,experiments/water_air/water-air_G7-t0p6_shanghai_experiment_20260401.xlsx,56.04714329440194,523.7218773355316,0.012818952935876012,0.00065
air,Gyroid,工况15,7586.732921896669,experiments/water_air/water-air_G7-t0p6_shanghai_experiment_20260401.xlsx,59.550089750302064,529.8460102027608,0.01189590625157958,0.00065
air,Gyroid,工况16,8062.638117338619,experiments/water_air/water-air_G7-t0p6_shanghai_experiment_20260401.xlsx,63.05303620620218,537.8854662473384,0.011036027954984333,0.00065
water,Gyroid,工况2,105.82210965034717,,32.970366,405.4473498214155,0.5300633252431519,0.00065
water,Gyroid,工况3,157.21204610976125,,48.93038000000001,692.5304546157163,0.30772032523863585,0.00065
water,Gyroid,工况4,214.11114441865377,,65.19781,761.1800880310396,0.22895589419630222,0.00065
water,Gyroid,工况5,277.01329112148557,,83.64276999999998,834.6660833414505,0.173080835284078,0.00065
water,Gyroid,工况6,374.97554778407164,,99.78211,813.9351578533947,0.13686305999193218,0.00065
water,Gyroid,工况7,445.8509186494868,,115.84459600000004,833.9317752974905,0.11516990207358853,0.00065
water,Gyroid,工况8,513.303601132472,,132.21449800000002,843.4771565789302,0.10053888301960251,0.00065
water,Gyroid,工况9,553.1903525462724,,148.994288,846.8717647712709,0.09362952056594007,0.00065
water,Gyroid,工况10,613.3835225997531,,165.59475199999997,840.06848984748,0.08585536031093625,0.00065
water,Gyroid,工况11,655.8854075895626,,182.78443000000004,840.981926819176,0.08066044496091088,0.00065
water,Gyroid,工况12,656.4798411131942,,189.95747,834.2740464955599,0.08118868470050776,0.00065
water,Gyroid,工况13,729.4640447806743,,198.308938,843.8751480337388,0.07288696989256946,0.00065
water,Gyroid,工况14,650.1925835817059,,206.12242800000007,828.5862957929851,0.08242537573236278,0.00065
water,Gyroid,工况15,641.2517393231044,,215.44738,834.3389560415469,0.08295084873859733,0.00065
water,Gyroid,工况16,615.899245996947,,222.46671200000006,833.0306636001313,0.08619501707906821,0.00065
sco2,Gyroid,1,11925.497968532529,,74.59206082717986,1762.3511903880128,0.0030373742216177257,0.0006491520000000001
sco2,Gyroid,2,17844.392799588586,,114.38970915830527,1545.3723200150225,0.0023165744263057312,0.0006491520000000001
sco2,Gyroid,3,23551.926902210736,,152.28502065925107,1568.3398214959395,0.00173049199782341,0.0006491520000000001
sco2,Gyroid,4,30083.111050321153,,190.4452163464966,1590.3664889124861,0.001336557334066009,0.0006491520000000001
sco2,Gyroid,5,36397.10034863899,,229.62212943999342,1551.5045448513615,0.0011325996035824383,0.0006491520000000001
sco2,Gyroid,6,42833.51622463407,,270.35180014034586,1512.5038429663512,0.0009873682763463841,0.0006491520000000001
sco2,Gyroid,7,48860.02078334884,,309.79207421978015,1500.8134064693493,0.0008724268047924532,0.0006491520000000001
sco2,Gyroid,8,11471.15838275677,,74.56100970408868,1676.0343978395601,0.003319358982696645,0.0006491520000000001
sco2,Gyroid,9,17390.149176798404,,114.75042533489209,1532.1755723124375,0.002397364941581881,0.0006491520000000001
sco2,Gyroid,10,23086.087525405674,,152.04015734715784,1528.8998720920601,0.0018108058377080045,0.0006491520000000001
sco2,Gyroid,11,28977.83579874499,,190.278389267677,1535.0300801437718,0.0014374106487974134,0.0006491520000000001
sco2,Gyroid,12,34897.46175224222,,229.70305409164106,1504.8123157425794,0.0012178197484355932,0.0006491520000000001
sco2,Gyroid,13,41022.14777413149,,270.8101149050505,1470.5064046918967,0.0010603331704401094,0.0006491520000000001
sco2,Gyroid,14,11160.657457934247,,74.77100212532443,1621.0994951221148,0.003526587549588344,0.0006491520000000001
sco2,Gyroid,15,16942.131537800673,,113.9531292913128,1559.7306887898692,0.002417239446542614,0.0006491520000000001
sco2,Gyroid,16,22386.051477993115,,151.86437840713944,1531.7718923940447,0.0018638313091010942,0.0006491520000000001
sco2,Gyroid,17,27953.44812212647,,189.1167946098071,1534.5898692163148,0.0014904345862558183,0.0006491520000000001
sco2,Gyroid,18,33776.92482901029,,229.70688205480627,1502.9463519723042,0.0012597297314562875,0.0006491520000000001
sco2,Gyroid,19,40470.785884161385,,270.0367424627319,1471.0667066248839,0.0010743543893996352,0.0006491520000000001
sco2,Gyroid,20,10723.158498338023,,74.35964627877733,1657.6664052486055,0.0035892766641775677,0.0006491520000000001
sco2,Gyroid,21,16408.888539980642,,114.49877267526476,1550.7806005072787,0.0025099637294027505,0.0006491520000000001
sco2,Gyroid,22,21565.50944496435,,151.86897580646138,1521.4270218056004,0.0019477393539015656,0.0006491520000000001
sco2,Gyroid,23,26998.202217036996,,189.43647323922667,1517.6976885436275,0.0015602354977560654,0.0006491520000000001
sco2,Gyroid,24,32555.837426350336,,229.47778019218953,1493.7124805660728,0.0013149857793979618,0.0006491520000000001
sco2,Gyroid,25,11343.439477330809,,74.50456531243736,1669.3182895257548,0.0033700661158662026,0.0006491520000000001
sco2,Gyroid,26,17110.9104203654,,113.98940219347459,1534.7651074878293,0.002432292224156544,0.0006491520000000001
sco2,Gyroid,27,22915.228452629035,,151.67246704153663,1546.041943001776,0.0018040921879549558,0.0006491520000000001
sco2,Gyroid,28,28415.75672212657,,188.9479477150749,1567.461899788565,0.0014355168671969013,0.0006491520000000001
sco2,Gyroid,29,34442.675242328325,,229.71921767838083,1531.3321431634215,0.0012125375889338534,0.0006491520000000001
sco2,Gyroid,30,40527.55512963075,,269.65091038428255,1510.2992936797023,0.0010450110905911175,0.0006491520000000001
sco2,Gyroid,31,10901.740818677792,,74.20951151353678,1367.8153463372566,0.004275670191948506,0.0006491520000000001
sco2,Gyroid,32,16622.378436958326,,114.07005297727345,1498.0541207915192,0.0025647936409409155,0.0006491520000000001
sco2,Gyroid,33,21881.545182807695,,151.6620547891344,1512.6194344147125,0.0019308182135403334,0.0006491520000000001
sco2,Gyroid,34,27403.37915837935,,189.2272548769078,1519.4548354283754,0.0015354269134282958,0.0006491520000000001
sco2,Gyroid,35,33124.744252628705,,229.43889407560468,1508.525463845484,0.001279755715557385,0.0006491520000000001
sco2,Gyroid,36,39968.639106358074,,270.32338717734854,1482.7704526950479,0.0010792601698281716,0.0006491520000000001
sco2,Gyroid,37,10620.777013615836,,74.34153016774651,1564.4345538175469,0.0038388779227793257,0.0006491520000000001
sco2,Gyroid,38,16143.687222589433,,114.12803849398047,1518.9768129525728,0.0026043658243250986,0.0006491520000000001
sco2,Gyroid,39,21236.365054659735,,151.6962629120354,1527.9495512687945,0.0019694413206308627,0.0006491520000000001
sco2,Gyroid,40,27055.295010538728,,189.4602556853179,1537.603930133479,0.001536822473805262,0.0006491520000000001
sco2,Gyroid,41,10767.365062892093,,74.3092140367653,1491.5293668477907,0.003971175352631456,0.0006491520000000001
sco2,Gyroid,42,16371.424892759285,,114.1032515383952,1520.907654447402,0.0025649782765334492,0.0006491520000000001
sco2,Gyroid,43,21620.76368748281,,151.25117075815834,1537.1196744132062,0.0019229754993564429,0.0006491520000000001
sco2,Gyroid,44,27005.90010217384,,189.25907167569662,1549.44688730473,0.0015278791217572891,0.0006491520000000001
